{
  "ensemble_mape": 0.024915744714117664,
  "ensemble_rmse": 4.418900393561404,
  "xgboost_mape": 0.023856908082962036,
  "lightgbm_mape": 0.02780364183631017,
  "gbm_mape": 0.03421093170318629
}